resource,animal,source,author,license,date_downloaded,modifications
app/src/main/res/raw/cat_15.wav,Cat,"UNKNOWN (pre-2026, untracked)",UNKNOWN,UNKNOWN - audit before commercial release,,UNKNOWN
app/src/main/res/raw/cat_20.wav,Cat,"UNKNOWN (pre-2026, untracked)",UNKNOWN,UNKNOWN - audit before commercial release,,UNKNOWN
app/src/main/res/raw/cat_52.wav,Cat,"UNKNOWN (pre-2026, untracked)",UNKNOWN,UNKNOWN - audit before commercial release,,UNKNOWN
app/src/main/res/raw/cat_68.wav,Cat,"UNKNOWN (pre-2026, untracked)",UNKNOWN,UNKNOWN - audit before commercial release,,UNKNOWN
app/src/main/res/raw/cat_76.wav,Cat,"UNKNOWN (pre-2026, untracked)",UNKNOWN,UNKNOWN - audit before commercial release,,UNKNOWN
app/src/main/res/raw/cat_93.wav,Cat,"UNKNOWN (pre-2026, untracked)",UNKNOWN,UNKNOWN - audit before commercial release,,UNKNOWN
app/src/main/res/raw/cat_bsb1.mp3,Cat,https://bigsoundbank.com/UPLOAD/mp3/0436.mp3 (id 0436: Cat Purr),Joseph SARDIN (BigSoundBank),"BigSoundBank Free & Royalty-Free (CC0-equivalent); commercial OK, attribution not required",2026-06-14,"trim+silence-strip, capped 8s, fade-out, loudnorm -16 LUFS, mono 22.05kHz MP3"
app/src/main/res/raw/cat_bsb2.mp3,Cat,https://bigsoundbank.com/UPLOAD/mp3/0390.mp3 (id 0390: Mewing kitten 3 weeks),Joseph SARDIN (BigSoundBank),"BigSoundBank Free & Royalty-Free (CC0-equivalent); commercial OK, attribution not required",2026-06-14,"trim+silence-strip, capped 8s, fade-out, loudnorm -16 LUFS, mono 22.05kHz MP3"
app/src/main/res/raw/cat_bsb3.mp3,Cat,https://bigsoundbank.com/UPLOAD/mp3/0098.mp3 (id 0098: Small mewing of a cat),Joseph SARDIN (BigSoundBank),"BigSoundBank Free & Royalty-Free (CC0-equivalent); commercial OK, attribution not required",2026-06-14,"trim+silence-strip, capped 8s, fade-out, loudnorm -16 LUFS, mono 22.05kHz MP3"
app/src/main/res/raw/cat_bsb4.mp3,Cat,https://bigsoundbank.com/UPLOAD/mp3/0903.mp3 (id 0903: Meow),Joseph SARDIN (BigSoundBank),"BigSoundBank Free & Royalty-Free (CC0-equivalent); commercial OK, attribution not required",2026-06-14,"trim+silence-strip, capped 8s, fade-out, loudnorm -16 LUFS, mono 22.05kHz MP3"
app/src/main/res/raw/chicken_10.wav,Chicken,"UNKNOWN (pre-2026, untracked)",UNKNOWN,UNKNOWN - audit before commercial release,,UNKNOWN
app/src/main/res/raw/chicken_11.wav,Chicken,"UNKNOWN (pre-2026, untracked)",UNKNOWN,UNKNOWN - audit before commercial release,,UNKNOWN
app/src/main/res/raw/chicken_12.wav,Chicken,"UNKNOWN (pre-2026, untracked)",UNKNOWN,UNKNOWN - audit before commercial release,,UNKNOWN
app/src/main/res/raw/chicken_2.wav,Chicken,"UNKNOWN (pre-2026, untracked)",UNKNOWN,UNKNOWN - audit before commercial release,,UNKNOWN
app/src/main/res/raw/chicken_3.wav,Chicken,"UNKNOWN (pre-2026, untracked)",UNKNOWN,UNKNOWN - audit before commercial release,,UNKNOWN
app/src/main/res/raw/chicken_9.wav,Chicken,"UNKNOWN (pre-2026, untracked)",UNKNOWN,UNKNOWN - audit before commercial release,,UNKNOWN
app/src/main/res/raw/chicken_bsb1.mp3,Chicken,https://bigsoundbank.com/UPLOAD/mp3/0453.mp3 (id 0453: Annoyed Hen),Joseph SARDIN (BigSoundBank),"BigSoundBank Free & Royalty-Free (CC0-equivalent); commercial OK, attribution not required",2026-06-14,"trim+silence-strip, capped 8s, fade-out, loudnorm -16 LUFS, mono 22.05kHz MP3"
app/src/main/res/raw/chicken_bsb2.mp3,Chicken,https://bigsoundbank.com/UPLOAD/mp3/1040.mp3 (id 1040: Hen scared),Joseph SARDIN (BigSoundBank),"BigSoundBank Free & Royalty-Free (CC0-equivalent); commercial OK, attribution not required",2026-06-14,"trim+silence-strip, capped 8s, fade-out, loudnorm -16 LUFS, mono 22.05kHz MP3"
app/src/main/res/raw/chicken_bsb3.mp3,Chicken,https://bigsoundbank.com/UPLOAD/mp3/0104.mp3 (id 0104: Rooster),Joseph SARDIN (BigSoundBank),"BigSoundBank Free & Royalty-Free (CC0-equivalent); commercial OK, attribution not required",2026-06-14,"trim+silence-strip, capped 8s, fade-out, loudnorm -16 LUFS, mono 22.05kHz MP3"
app/src/main/res/raw/chicken_bsb4.mp3,Chicken,https://bigsoundbank.com/UPLOAD/mp3/0474.mp3 (id 0474: Song of a Rooster),Joseph SARDIN (BigSoundBank),"BigSoundBank Free & Royalty-Free (CC0-equivalent); commercial OK, attribution not required",2026-06-14,"trim+silence-strip, capped 8s, fade-out, loudnorm -16 LUFS, mono 22.05kHz MP3"
app/src/main/res/raw/chicken_bsb5.mp3,Chicken,https://bigsoundbank.com/UPLOAD/mp3/0955.mp3 (id 0955: Cockerel: First song),Joseph SARDIN (BigSoundBank),"BigSoundBank Free & Royalty-Free (CC0-equivalent); commercial OK, attribution not required",2026-06-14,"trim+silence-strip, capped 8s, fade-out, loudnorm -16 LUFS, mono 22.05kHz MP3"
app/src/main/res/raw/cow_1.wav,Cow,"UNKNOWN (pre-2026, untracked)",UNKNOWN,UNKNOWN - audit before commercial release,,UNKNOWN
app/src/main/res/raw/cow_2.wav,Cow,"UNKNOWN (pre-2026, untracked)",UNKNOWN,UNKNOWN - audit before commercial release,,UNKNOWN
app/src/main/res/raw/cow_3.wav,Cow,"UNKNOWN (pre-2026, untracked)",UNKNOWN,UNKNOWN - audit before commercial release,,UNKNOWN
app/src/main/res/raw/cow_4.wav,Cow,"UNKNOWN (pre-2026, untracked)",UNKNOWN,UNKNOWN - audit before commercial release,,UNKNOWN
app/src/main/res/raw/cow_bsb1.mp3,Cow,https://bigsoundbank.com/UPLOAD/mp3/0845.mp3 (id 0845: Moo),Joseph SARDIN (BigSoundBank),"BigSoundBank Free & Royalty-Free (CC0-equivalent); commercial OK, attribution not required",2026-06-14,"trim+silence-strip, capped 8s, fade-out, loudnorm -16 LUFS, mono 22.05kHz MP3"
app/src/main/res/raw/dog_40.wav,Dog,"UNKNOWN (pre-2026, untracked)",UNKNOWN,UNKNOWN - audit before commercial release,,UNKNOWN
app/src/main/res/raw/dog_74.wav,Dog,"UNKNOWN (pre-2026, untracked)",UNKNOWN,UNKNOWN - audit before commercial release,,UNKNOWN
app/src/main/res/raw/dog_86.wav,Dog,"UNKNOWN (pre-2026, untracked)",UNKNOWN,UNKNOWN - audit before commercial release,,UNKNOWN
app/src/main/res/raw/dog_87.wav,Dog,"UNKNOWN (pre-2026, untracked)",UNKNOWN,UNKNOWN - audit before commercial release,,UNKNOWN
app/src/main/res/raw/dog_89.wav,Dog,"UNKNOWN (pre-2026, untracked)",UNKNOWN,UNKNOWN - audit before commercial release,,UNKNOWN
app/src/main/res/raw/dog_9.wav,Dog,"UNKNOWN (pre-2026, untracked)",UNKNOWN,UNKNOWN - audit before commercial release,,UNKNOWN
app/src/main/res/raw/dog_bsb1.mp3,Dog,https://bigsoundbank.com/UPLOAD/mp3/0288.mp3 (id 0288: Barking Dogs),Joseph SARDIN (BigSoundBank),"BigSoundBank Free & Royalty-Free (CC0-equivalent); commercial OK, attribution not required",2026-06-14,"trim+silence-strip, capped 8s, fade-out, loudnorm -16 LUFS, mono 22.05kHz MP3"
app/src/main/res/raw/dog_bsb2.mp3,Dog,https://bigsoundbank.com/UPLOAD/mp3/0112.mp3 (id 0112: Barking Dog Inside),Joseph SARDIN (BigSoundBank),"BigSoundBank Free & Royalty-Free (CC0-equivalent); commercial OK, attribution not required",2026-06-14,"trim+silence-strip, capped 8s, fade-out, loudnorm -16 LUFS, mono 22.05kHz MP3"
app/src/main/res/raw/dog_bsb3.mp3,Dog,https://bigsoundbank.com/UPLOAD/mp3/0682.mp3 (id 0682: Barking of a Spitz),Joseph SARDIN (BigSoundBank),"BigSoundBank Free & Royalty-Free (CC0-equivalent); commercial OK, attribution not required",2026-06-14,"trim+silence-strip, capped 8s, fade-out, loudnorm -16 LUFS, mono 22.05kHz MP3"
app/src/main/res/raw/donkey_1.wav,Donkey,"UNKNOWN (pre-2026, untracked)",UNKNOWN,UNKNOWN - audit before commercial release,,UNKNOWN
app/src/main/res/raw/donkey_2.wav,Donkey,"UNKNOWN (pre-2026, untracked)",UNKNOWN,UNKNOWN - audit before commercial release,,UNKNOWN
app/src/main/res/raw/donkey_3.wav,Donkey,"UNKNOWN (pre-2026, untracked)",UNKNOWN,UNKNOWN - audit before commercial release,,UNKNOWN
app/src/main/res/raw/donkey_4.wav,Donkey,"UNKNOWN (pre-2026, untracked)",UNKNOWN,UNKNOWN - audit before commercial release,,UNKNOWN
app/src/main/res/raw/donkey_bsb1.mp3,Donkey,"https://bigsoundbank.com/UPLOAD/mp3/1548.mp3 (id 1548: Donkeys, braying)",Joseph SARDIN (BigSoundBank),"BigSoundBank Free & Royalty-Free (CC0-equivalent); commercial OK, attribution not required",2026-06-14,"trim+silence-strip, capped 8s, fade-out, loudnorm -16 LUFS, mono 22.05kHz MP3"
app/src/main/res/raw/duck_bsb1.mp3,Duck,https://bigsoundbank.com/UPLOAD/mp3/0276.mp3 (id 0276: Ducks),Joseph SARDIN (BigSoundBank),"BigSoundBank Free & Royalty-Free (CC0-equivalent); commercial OK, attribution not required",2026-06-14,"trim+silence-strip, capped 8s, fade-out, loudnorm -16 LUFS, mono 22.05kHz MP3"
app/src/main/res/raw/frog_1.wav,Frog,"UNKNOWN (pre-2026, untracked)",UNKNOWN,UNKNOWN - audit before commercial release,,UNKNOWN
app/src/main/res/raw/frog_3.wav,Frog,"UNKNOWN (pre-2026, untracked)",UNKNOWN,UNKNOWN - audit before commercial release,,UNKNOWN
app/src/main/res/raw/frog_4.wav,Frog,"UNKNOWN (pre-2026, untracked)",UNKNOWN,UNKNOWN - audit before commercial release,,UNKNOWN
app/src/main/res/raw/frog_5.wav,Frog,"UNKNOWN (pre-2026, untracked)",UNKNOWN,UNKNOWN - audit before commercial release,,UNKNOWN
app/src/main/res/raw/frog_6.wav,Frog,"UNKNOWN (pre-2026, untracked)",UNKNOWN,UNKNOWN - audit before commercial release,,UNKNOWN
app/src/main/res/raw/frog_bsb1.mp3,Frog,https://bigsoundbank.com/UPLOAD/mp3/0819.mp3 (id 0819: One frog),Joseph SARDIN (BigSoundBank),"BigSoundBank Free & Royalty-Free (CC0-equivalent); commercial OK, attribution not required",2026-06-14,"trim+silence-strip, capped 8s, fade-out, loudnorm -16 LUFS, mono 22.05kHz MP3"
app/src/main/res/raw/goat_bsb1.mp3,Goat,https://bigsoundbank.com/UPLOAD/mp3/1377.mp3 (id 1377: Goat and Young Goat),Joseph SARDIN (BigSoundBank),"BigSoundBank Free & Royalty-Free (CC0-equivalent); commercial OK, attribution not required",2026-06-14,"trim+silence-strip, capped 8s, fade-out, loudnorm -16 LUFS, mono 22.05kHz MP3"
app/src/main/res/raw/goat_bsb2.mp3,Goat,https://bigsoundbank.com/UPLOAD/mp3/0880.mp3 (id 0880: Dwarf goat bleating),Joseph SARDIN (BigSoundBank),"BigSoundBank Free & Royalty-Free (CC0-equivalent); commercial OK, attribution not required",2026-06-14,"trim+silence-strip, capped 8s, fade-out, loudnorm -16 LUFS, mono 22.05kHz MP3"
app/src/main/res/raw/goat_bsb3.mp3,Goat,https://bigsoundbank.com/UPLOAD/mp3/0821.mp3 (id 0821: Small herd of goats),Joseph SARDIN (BigSoundBank),"BigSoundBank Free & Royalty-Free (CC0-equivalent); commercial OK, attribution not required",2026-06-14,"trim+silence-strip, capped 8s, fade-out, loudnorm -16 LUFS, mono 22.05kHz MP3"
app/src/main/res/raw/horse_bsb1.mp3,Horse,https://bigsoundbank.com/UPLOAD/mp3/0460.mp3 (id 0460: Neighing of a horse),Joseph SARDIN (BigSoundBank),"BigSoundBank Free & Royalty-Free (CC0-equivalent); commercial OK, attribution not required",2026-06-14,"trim+silence-strip, capped 8s, fade-out, loudnorm -16 LUFS, mono 22.05kHz MP3"
app/src/main/res/raw/horse_neigh1.wav,Horse,"UNKNOWN (pre-2026, untracked)",UNKNOWN,UNKNOWN - audit before commercial release,,UNKNOWN
app/src/main/res/raw/horse_neigh3.wav,Horse,"UNKNOWN (pre-2026, untracked)",UNKNOWN,UNKNOWN - audit before commercial release,,UNKNOWN
app/src/main/res/raw/horse_neigh5.wav,Horse,"UNKNOWN (pre-2026, untracked)",UNKNOWN,UNKNOWN - audit before commercial release,,UNKNOWN
app/src/main/res/raw/horse_neigh6.wav,Horse,"UNKNOWN (pre-2026, untracked)",UNKNOWN,UNKNOWN - audit before commercial release,,UNKNOWN
app/src/main/res/raw/lion_10.wav,Lion,"UNKNOWN (pre-2026, untracked)",UNKNOWN,UNKNOWN - audit before commercial release,,UNKNOWN
app/src/main/res/raw/lion_2.wav,Lion,"UNKNOWN (pre-2026, untracked)",UNKNOWN,UNKNOWN - audit before commercial release,,UNKNOWN
app/src/main/res/raw/lion_34.wav,Lion,"UNKNOWN (pre-2026, untracked)",UNKNOWN,UNKNOWN - audit before commercial release,,UNKNOWN
app/src/main/res/raw/lion_44.wav,Lion,"UNKNOWN (pre-2026, untracked)",UNKNOWN,UNKNOWN - audit before commercial release,,UNKNOWN
app/src/main/res/raw/lion_5.wav,Lion,"UNKNOWN (pre-2026, untracked)",UNKNOWN,UNKNOWN - audit before commercial release,,UNKNOWN
app/src/main/res/raw/lion_6.wav,Lion,"UNKNOWN (pre-2026, untracked)",UNKNOWN,UNKNOWN - audit before commercial release,,UNKNOWN
app/src/main/res/raw/lion_7.wav,Lion,"UNKNOWN (pre-2026, untracked)",UNKNOWN,UNKNOWN - audit before commercial release,,UNKNOWN
app/src/main/res/raw/monkey_10.wav,Monkey,"UNKNOWN (pre-2026, untracked)",UNKNOWN,UNKNOWN - audit before commercial release,,UNKNOWN
app/src/main/res/raw/monkey_12.wav,Monkey,"UNKNOWN (pre-2026, untracked)",UNKNOWN,UNKNOWN - audit before commercial release,,UNKNOWN
app/src/main/res/raw/monkey_14.wav,Monkey,"UNKNOWN (pre-2026, untracked)",UNKNOWN,UNKNOWN - audit before commercial release,,UNKNOWN
app/src/main/res/raw/monkey_15.wav,Monkey,"UNKNOWN (pre-2026, untracked)",UNKNOWN,UNKNOWN - audit before commercial release,,UNKNOWN
app/src/main/res/raw/monkey_17.wav,Monkey,"UNKNOWN (pre-2026, untracked)",UNKNOWN,UNKNOWN - audit before commercial release,,UNKNOWN
app/src/main/res/raw/monkey_18.wav,Monkey,"UNKNOWN (pre-2026, untracked)",UNKNOWN,UNKNOWN - audit before commercial release,,UNKNOWN
app/src/main/res/raw/owl_bsb1.mp3,Owl,https://bigsoundbank.com/UPLOAD/mp3/0429.mp3 (id 0429: Tawny Owls),Joseph SARDIN (BigSoundBank),"BigSoundBank Free & Royalty-Free (CC0-equivalent); commercial OK, attribution not required",2026-06-14,"trim+silence-strip, capped 8s, fade-out, loudnorm -16 LUFS, mono 22.05kHz MP3"
app/src/main/res/raw/sheep_1.wav,Sheep,"UNKNOWN (pre-2026, untracked)",UNKNOWN,UNKNOWN - audit before commercial release,,UNKNOWN
app/src/main/res/raw/sheep_18.wav,Sheep,"UNKNOWN (pre-2026, untracked)",UNKNOWN,UNKNOWN - audit before commercial release,,UNKNOWN
app/src/main/res/raw/sheep_26.wav,Sheep,"UNKNOWN (pre-2026, untracked)",UNKNOWN,UNKNOWN - audit before commercial release,,UNKNOWN
app/src/main/res/raw/sheep_27.wav,Sheep,"UNKNOWN (pre-2026, untracked)",UNKNOWN,UNKNOWN - audit before commercial release,,UNKNOWN
app/src/main/res/raw/sheep_4.wav,Sheep,"UNKNOWN (pre-2026, untracked)",UNKNOWN,UNKNOWN - audit before commercial release,,UNKNOWN
app/src/main/res/raw/sheep_5.wav,Sheep,"UNKNOWN (pre-2026, untracked)",UNKNOWN,UNKNOWN - audit before commercial release,,UNKNOWN
app/src/main/res/raw/single_horse_whinny_ee100701.mp3,Horse,"UNKNOWN (pre-2026, untracked)",UNKNOWN,UNKNOWN - audit before commercial release,,UNKNOWN
app/src/main/res/drawable/cat_1.jpg,Cat,"UNKNOWN (pre-2026, untracked)",UNKNOWN,UNKNOWN - audit before commercial release,,UNKNOWN
app/src/main/res/drawable/cow_female_black_white.jpg,Cow,"UNKNOWN (pre-2026, untracked)",UNKNOWN,UNKNOWN - audit before commercial release,,UNKNOWN
app/src/main/res/drawable/dog_1.jpg,Dog,"UNKNOWN (pre-2026, untracked)",UNKNOWN,UNKNOWN - audit before commercial release,,UNKNOWN
app/src/main/res/drawable/domestic_horse_essenpas_bemmel.jpg,Horse,"UNKNOWN (pre-2026, untracked)",UNKNOWN,UNKNOWN - audit before commercial release,,UNKNOWN
app/src/main/res/drawable/donkey_in_clovelly_north_devon_england.jpg,Donkey,"UNKNOWN (pre-2026, untracked)",UNKNOWN,UNKNOWN - audit before commercial release,,UNKNOWN
app/src/main/res/drawable/goat_white.jpg,Goat,https://commons.wikimedia.org/wiki/File:Beautiful_Goat_(193265569).jpeg,Ivan Andreea,CC0,2026-06-14,"cropped to centered square, resized to 500x500, JPEG q85"
app/src/main/res/drawable/hen_chicken.jpg,Chicken,"UNKNOWN (pre-2026, untracked)",UNKNOWN,UNKNOWN - audit before commercial release,,UNKNOWN
app/src/main/res/drawable/mallard_duck.jpg,Duck,https://commons.wikimedia.org/wiki/File:20130602_Anas_platyrhynchos_male_7466.jpg,Jakub Hałun,CC BY-SA 3.0,2026-06-14,"cropped to centered square, resized to 500x500, JPEG q85"
app/src/main/res/drawable/monkey_portrait_animal.jpg,Monkey,"UNKNOWN (pre-2026, untracked)",UNKNOWN,UNKNOWN - audit before commercial release,,UNKNOWN
app/src/main/res/drawable/pexels_ellie_burgin_10895600.jpg,,"UNKNOWN (pre-2026, untracked)",UNKNOWN,UNKNOWN - audit before commercial release,,UNKNOWN
app/src/main/res/drawable/tawny_owl.jpg,Owl,https://commons.wikimedia.org/wiki/File:Poll_de_gamar%C3%BAs_eurasi%C3%A0tic_(Strix_aluco).jpg,Catalaalatac,CC BY-SA 4.0,2026-06-14,"cropped to centered square, resized to 500x500, JPEG q85"
app/src/main/res/drawable/the_green_and_golden_bell_frog.jpg,Frog,"UNKNOWN (pre-2026, untracked)",UNKNOWN,UNKNOWN - audit before commercial release,,UNKNOWN
app/src/main/res/drawable/variegated_golden_frog_mantella_baroni_ranomafana.jpg,Frog,"UNKNOWN (pre-2026, untracked)",UNKNOWN,UNKNOWN - audit before commercial release,,UNKNOWN
app/src/main/res/drawable/young_african_lion_33560925282.jpg,Lion,"UNKNOWN (pre-2026, untracked)",UNKNOWN,UNKNOWN - audit before commercial release,,UNKNOWN
app/src/main/res/raw/lion_fs1.mp3,Lion,https://freesound.org/people/_justMonke_/sounds/611721/ (id 611721: Big Lion Roar),_justMonke_,CC0,2026-06-14,"downloaded HQ-mp3 preview; trim+silence-strip, capped 8s, fade-out, loudnorm -16 LUFS, mono 22.05kHz"
app/src/main/res/raw/lion_fs2.mp3,Lion,https://freesound.org/people/iut_Paris8/sounds/567803/ (id 567803: poujade_eva_2020_2021_RoarOfLion(son2).wav),iut_Paris8,CC0,2026-06-14,"downloaded HQ-mp3 preview; trim+silence-strip, capped 8s, fade-out, loudnorm -16 LUFS, mono 22.05kHz"
app/src/main/res/raw/lion_fs3.mp3,Lion,https://freesound.org/people/tahirahg1991/sounds/420466/ (id 420466: Roar.m4a),tahirahg1991,CC0,2026-06-14,"downloaded HQ-mp3 preview; trim+silence-strip, capped 8s, fade-out, loudnorm -16 LUFS, mono 22.05kHz"
app/src/main/res/raw/sheep_fs1.mp3,Sheep,https://freesound.org/people/SergioJbs/sounds/669872/ (id 669872: bah bala oveja/baa bleat sheep.WAV),SergioJbs,CC0,2026-06-14,"downloaded HQ-mp3 preview; trim+silence-strip, capped 8s, fade-out, loudnorm -16 LUFS, mono 22.05kHz"
app/src/main/res/raw/sheep_fs2.mp3,Sheep,https://freesound.org/people/TheKingOfGeeks360/sounds/803460/ (id 803460: Sheep - Bleat; Close Perspective),TheKingOfGeeks360,CC0,2026-06-14,"downloaded HQ-mp3 preview; trim+silence-strip, capped 8s, fade-out, loudnorm -16 LUFS, mono 22.05kHz"
app/src/main/res/raw/sheep_fs3.mp3,Sheep,https://freesound.org/people/TheKingOfGeeks360/sounds/840891/ (id 840891: Sheep - Bleat; Medium Perspective),TheKingOfGeeks360,CC0,2026-06-14,"downloaded HQ-mp3 preview; trim+silence-strip, capped 8s, fade-out, loudnorm -16 LUFS, mono 22.05kHz"
app/src/main/res/raw/sheep_fs4.mp3,Sheep,https://freesound.org/people/satoristudios3/sounds/692900/ (id 692900: Ewe Shetland Sheep Baa),satoristudios3,CC0,2026-06-14,"downloaded HQ-mp3 preview; trim+silence-strip, capped 8s, fade-out, loudnorm -16 LUFS, mono 22.05kHz"
app/src/main/res/raw/cow_fs1.mp3,Cow,https://freesound.org/people/spurioustransients/sounds/513561/ (id 513561: Cow moo #7),spurioustransients,CC0,2026-06-14,"downloaded HQ-mp3 preview; trim+silence-strip, capped 8s, fade-out, loudnorm -16 LUFS, mono 22.05kHz"
app/src/main/res/raw/cow_fs2.mp3,Cow,https://freesound.org/people/manofham/sounds/700379/ (id 700379: Moo 2 - Moo Moo the Cow),manofham,CC0,2026-06-14,"downloaded HQ-mp3 preview; trim+silence-strip, capped 8s, fade-out, loudnorm -16 LUFS, mono 22.05kHz"
app/src/main/res/raw/cow_fs3.mp3,Cow,https://freesound.org/people/spurioustransients/sounds/513564/ (id 513564: Cow moo #4),spurioustransients,CC0,2026-06-14,"downloaded HQ-mp3 preview; trim+silence-strip, capped 8s, fade-out, loudnorm -16 LUFS, mono 22.05kHz"
app/src/main/res/raw/cow_fs4.mp3,Cow,https://freesound.org/people/spurioustransients/sounds/513562/ (id 513562: Cow moo #6),spurioustransients,CC0,2026-06-14,"downloaded HQ-mp3 preview; trim+silence-strip, capped 8s, fade-out, loudnorm -16 LUFS, mono 22.05kHz"
app/src/main/res/raw/cow_fs5.mp3,Cow,https://freesound.org/people/manofham/sounds/700378/ (id 700378: Moo 1 - Moo Moo the Cow),manofham,CC0,2026-06-14,"downloaded HQ-mp3 preview; trim+silence-strip, capped 8s, fade-out, loudnorm -16 LUFS, mono 22.05kHz"
app/src/main/res/raw/donkey_fs1.mp3,Donkey,"https://freesound.org/people/felix.blume/sounds/133761/ (id 133761: A donkey is braying in the field, close to the small village of La Preciosita)",felix.blume,CC0,2026-06-14,"downloaded HQ-mp3 preview; trim+silence-strip, capped 8s, fade-out, loudnorm -16 LUFS, mono 22.05kHz"
app/src/main/res/raw/donkey_fs2.mp3,Donkey,"https://freesound.org/people/TheKingOfGeeks360/sounds/787564/ (id 787564: Donkeys - Donkey Bray, Close Perspective)",TheKingOfGeeks360,CC0,2026-06-14,"downloaded HQ-mp3 preview; trim+silence-strip, capped 8s, fade-out, loudnorm -16 LUFS, mono 22.05kHz"
app/src/main/res/raw/donkey_fs3.mp3,Donkey,"https://freesound.org/people/TheKingOfGeeks360/sounds/831960/ (id 831960: Donkeys - Donkey Bray, Medium Perspective)",TheKingOfGeeks360,CC0,2026-06-14,"downloaded HQ-mp3 preview; trim+silence-strip, capped 8s, fade-out, loudnorm -16 LUFS, mono 22.05kHz"
app/src/main/res/raw/donkey_fs4.mp3,Donkey,https://freesound.org/people/StarNinjas37/sounds/560692/ (id 560692: Donkey Bray),StarNinjas37,CC0,2026-06-14,"downloaded HQ-mp3 preview; trim+silence-strip, capped 8s, fade-out, loudnorm -16 LUFS, mono 22.05kHz"
app/src/main/res/raw/donkey_fs5.mp3,Donkey,"https://freesound.org/people/felix.blume/sounds/705300/ (id 705300: Donkey braying loud with distant village atmosphere, close recording)",felix.blume,CC0,2026-06-14,"downloaded HQ-mp3 preview; trim+silence-strip, capped 8s, fade-out, loudnorm -16 LUFS, mono 22.05kHz"
app/src/main/res/raw/frog_fs1.mp3,Frog,https://freesound.org/people/Kamix0/sounds/391520/ (id 391520: Frogs croaking.wav),Kamix0,CC0,2026-06-14,"downloaded HQ-mp3 preview; trim+silence-strip, capped 8s, fade-out, loudnorm -16 LUFS, mono 22.05kHz"
app/src/main/res/raw/frog_fs2.mp3,Frog,"https://freesound.org/people/TheKingOfGeeks360/sounds/744309/ (id 744309: Frogs - Cope's Gray Tree Frog, Single Croak, Crickets in Background)",TheKingOfGeeks360,CC0,2026-06-14,"downloaded HQ-mp3 preview; trim+silence-strip, capped 8s, fade-out, loudnorm -16 LUFS, mono 22.05kHz"
app/src/main/res/raw/frog_fs3.mp3,Frog,https://freesound.org/people/benjibeastr/sounds/377109/ (id 377109: frog croak.wav),benjibeastr,CC0,2026-06-14,"downloaded HQ-mp3 preview; trim+silence-strip, capped 8s, fade-out, loudnorm -16 LUFS, mono 22.05kHz"
app/src/main/res/raw/frog_fs4.mp3,Frog,https://freesound.org/people/willcarpenter3/sounds/716959/ (id 716959: Frog Croak),willcarpenter3,CC0,2026-06-14,"downloaded HQ-mp3 preview; trim+silence-strip, capped 8s, fade-out, loudnorm -16 LUFS, mono 22.05kHz"
app/src/main/res/raw/horse_fs1.mp3,Horse,"https://freesound.org/people/TheKingOfGeeks360/sounds/777763/ (id 777763: Horses - Quarter Horse; Soft Neigh, Close Perspective)",TheKingOfGeeks360,CC0,2026-06-14,"downloaded HQ-mp3 preview; trim+silence-strip, capped 8s, fade-out, loudnorm -16 LUFS, mono 22.05kHz"
app/src/main/res/raw/horse_fs2.mp3,Horse,"https://freesound.org/people/TheKingOfGeeks360/sounds/832631/ (id 832631: Horses - Shetland Pony; Neigh, Close Perspective)",TheKingOfGeeks360,CC0,2026-06-14,"downloaded HQ-mp3 preview; trim+silence-strip, capped 8s, fade-out, loudnorm -16 LUFS, mono 22.05kHz"
app/src/main/res/raw/horse_fs3.mp3,Horse,"https://freesound.org/people/TheKingOfGeeks360/sounds/839525/ (id 839525: Horses - Mini Horse or Pony, Short Neigh, Close Perspective)",TheKingOfGeeks360,CC0,2026-06-14,"downloaded HQ-mp3 preview; trim+silence-strip, capped 8s, fade-out, loudnorm -16 LUFS, mono 22.05kHz"
app/src/main/res/raw/horse_fs4.mp3,Horse,https://freesound.org/people/dontwanttobehere/sounds/656661/ (id 656661: horse),dontwanttobehere,CC0,2026-06-14,"downloaded HQ-mp3 preview; trim+silence-strip, capped 8s, fade-out, loudnorm -16 LUFS, mono 22.05kHz"
app/src/main/res/raw/goat_fs1.mp3,Goat,https://freesound.org/people/TheKingOfGeeks360/sounds/777755/ (id 777755: Goats - Goat Bleat; Close Perspective),TheKingOfGeeks360,CC0,2026-06-14,"downloaded HQ-mp3 preview; trim+silence-strip, capped 8s, fade-out, loudnorm -16 LUFS, mono 22.05kHz"
app/src/main/res/raw/goat_fs2.mp3,Goat,"https://freesound.org/people/TheKingOfGeeks360/sounds/842308/ (id 842308: Goats - Goat Bleat; Close Perspective, Take 3)",TheKingOfGeeks360,CC0,2026-06-14,"downloaded HQ-mp3 preview; trim+silence-strip, capped 8s, fade-out, loudnorm -16 LUFS, mono 22.05kHz"
app/src/main/res/raw/goat_fs3.mp3,Goat,"https://freesound.org/people/TheKingOfGeeks360/sounds/842307/ (id 842307: Goats - Goat Bleat; Close Perspective, Take 2)",TheKingOfGeeks360,CC0,2026-06-14,"downloaded HQ-mp3 preview; trim+silence-strip, capped 8s, fade-out, loudnorm -16 LUFS, mono 22.05kHz"
app/src/main/res/raw/goat_fs4.mp3,Goat,"https://freesound.org/people/TheKingOfGeeks360/sounds/839527/ (id 839527: Goats - Kid Bleat, Medium Perspective)",TheKingOfGeeks360,CC0,2026-06-14,"downloaded HQ-mp3 preview; trim+silence-strip, capped 8s, fade-out, loudnorm -16 LUFS, mono 22.05kHz"
app/src/main/res/raw/goat_fs5.mp3,Goat,https://freesound.org/people/jsbarrett/sounds/200333/ (id 200333: Baby goat bleating),jsbarrett,CC0,2026-06-14,"downloaded HQ-mp3 preview; trim+silence-strip, capped 8s, fade-out, loudnorm -16 LUFS, mono 22.05kHz"
app/src/main/res/raw/goat_fs6.mp3,Goat,https://freesound.org/people/Kinoton/sounds/581240/ (id 581240: Single Goat Bleating 2x),Kinoton,CC0,2026-06-14,"downloaded HQ-mp3 preview; trim+silence-strip, capped 8s, fade-out, loudnorm -16 LUFS, mono 22.05kHz"
app/src/main/res/raw/goat_fs7.mp3,Goat,https://freesound.org/people/TheKingOfGeeks360/sounds/825399/ (id 825399: Goats - Billy Goat Bleat),TheKingOfGeeks360,CC0,2026-06-14,"downloaded HQ-mp3 preview; trim+silence-strip, capped 8s, fade-out, loudnorm -16 LUFS, mono 22.05kHz"
app/src/main/res/raw/duck_fs1.mp3,Duck,https://freesound.org/people/OwennewO/sounds/719108/ (id 719108: Duck Softly Quacking Twice),OwennewO,CC0,2026-06-14,"downloaded HQ-mp3 preview; trim+silence-strip, capped 8s, fade-out, loudnorm -16 LUFS, mono 22.05kHz"
app/src/main/res/raw/duck_fs2.mp3,Duck,https://freesound.org/people/OwennewO/sounds/719113/ (id 719113: Duck Quacking Quietly Twice),OwennewO,CC0,2026-06-14,"downloaded HQ-mp3 preview; trim+silence-strip, capped 8s, fade-out, loudnorm -16 LUFS, mono 22.05kHz"
app/src/main/res/raw/duck_fs3.mp3,Duck,https://freesound.org/people/OwennewO/sounds/719111/ (id 719111: Duck Quack),OwennewO,CC0,2026-06-14,"downloaded HQ-mp3 preview; trim+silence-strip, capped 8s, fade-out, loudnorm -16 LUFS, mono 22.05kHz"
app/src/main/res/raw/duck_fs4.mp3,Duck,https://freesound.org/people/OwennewO/sounds/719109/ (id 719109: Duck Quacking Twice),OwennewO,CC0,2026-06-14,"downloaded HQ-mp3 preview; trim+silence-strip, capped 8s, fade-out, loudnorm -16 LUFS, mono 22.05kHz"
app/src/main/res/raw/duck_fs5.mp3,Duck,https://freesound.org/people/OwennewO/sounds/719114/ (id 719114: Duck Quacking Loudly Three Times),OwennewO,CC0,2026-06-14,"downloaded HQ-mp3 preview; trim+silence-strip, capped 8s, fade-out, loudnorm -16 LUFS, mono 22.05kHz"
app/src/main/res/raw/duck_fs6.mp3,Duck,https://freesound.org/people/OwennewO/sounds/719115/ (id 719115: Ducks Quacking To Each Other),OwennewO,CC0,2026-06-14,"downloaded HQ-mp3 preview; trim+silence-strip, capped 8s, fade-out, loudnorm -16 LUFS, mono 22.05kHz"
app/src/main/res/raw/duck_fs7.mp3,Duck,https://freesound.org/people/OwennewO/sounds/719106/ (id 719106: Male Duck Quack),OwennewO,CC0,2026-06-14,"downloaded HQ-mp3 preview; trim+silence-strip, capped 8s, fade-out, loudnorm -16 LUFS, mono 22.05kHz"
app/src/main/res/raw/duck_fs8.mp3,Duck,https://freesound.org/people/DigPro120/sounds/558858/ (id 558858: Duck quacking.mp3),DigPro120,CC0,2026-06-14,"downloaded HQ-mp3 preview; trim+silence-strip, capped 8s, fade-out, loudnorm -16 LUFS, mono 22.05kHz"
app/src/main/res/raw/duck_fs9.mp3,Duck,https://freesound.org/people/dumnezilla/sounds/749445/ (id 749445: desperate duck quack),dumnezilla,CC0,2026-06-14,"downloaded HQ-mp3 preview; trim+silence-strip, capped 8s, fade-out, loudnorm -16 LUFS, mono 22.05kHz"
app/src/main/res/raw/owl_fs1.mp3,Owl,https://freesound.org/people/gfrog/sounds/159726/ (id 159726: Owl Hooting with far away dog barking),gfrog,CC0,2026-06-14,"downloaded HQ-mp3 preview; trim+silence-strip, capped 8s, fade-out, loudnorm -16 LUFS, mono 22.05kHz"
app/src/main/res/raw/owl_fs2.mp3,Owl,https://freesound.org/people/Gerent/sounds/558398/ (id 558398: owl_hooting_000102_0145S3 002-070 000-002 007-015.wav),Gerent,CC0,2026-06-14,"downloaded HQ-mp3 preview; trim+silence-strip, capped 8s, fade-out, loudnorm -16 LUFS, mono 22.05kHz"
app/src/main/res/raw/owl_fs3.mp3,Owl,"https://freesound.org/people/TheKingOfGeeks360/sounds/784609/ (id 784609: Birds of Prey - Barred Owl Hooting, Distant)",TheKingOfGeeks360,CC0,2026-06-14,"downloaded HQ-mp3 preview; trim+silence-strip, capped 8s, fade-out, loudnorm -16 LUFS, mono 22.05kHz"
app/src/main/res/raw/owl_fs4.mp3,Owl,https://freesound.org/people/Breviceps/sounds/465697/ (id 465697: Owl Hoot),Breviceps,CC0,2026-06-14,"downloaded HQ-mp3 preview; trim+silence-strip, capped 8s, fade-out, loudnorm -16 LUFS, mono 22.05kHz"
app/src/main/res/raw/owl_fs5.mp3,Owl,https://freesound.org/people/Gerent/sounds/558396/ (id 558396: owl_hooting_000102_0145S3 002-070 000-002 068-074.wav),Gerent,CC0,2026-06-14,"downloaded HQ-mp3 preview; trim+silence-strip, capped 8s, fade-out, loudnorm -16 LUFS, mono 22.05kHz"
app/src/main/res/raw/owl_fs6.mp3,Owl,https://freesound.org/people/Gerent/sounds/558397/ (id 558397: owl_hooting_000102_0145S3 002-070 000-002 037-044.wav),Gerent,CC0,2026-06-14,"downloaded HQ-mp3 preview; trim+silence-strip, capped 8s, fade-out, loudnorm -16 LUFS, mono 22.05kHz"
app/src/main/res/raw/owl_fs7.mp3,Owl,https://freesound.org/people/gfrog/sounds/157870/ (id 157870: Owl in Arkansas Backyard 01),gfrog,CC0,2026-06-14,"downloaded HQ-mp3 preview; trim+silence-strip, capped 8s, fade-out, loudnorm -16 LUFS, mono 22.05kHz"
app/src/main/res/raw/owl_fs8.mp3,Owl,https://freesound.org/people/gfrog/sounds/159727/ (id 159727: Crickets and Owl),gfrog,CC0,2026-06-14,"downloaded HQ-mp3 preview; trim+silence-strip, capped 8s, fade-out, loudnorm -16 LUFS, mono 22.05kHz"
app/src/main/res/raw/owl_fs9.mp3,Owl,https://freesound.org/people/Rehanjo/sounds/593603/ (id 593603: Owl.wav),Rehanjo,CC0,2026-06-14,"downloaded HQ-mp3 preview; trim+silence-strip, capped 8s, fade-out, loudnorm -16 LUFS, mono 22.05kHz"
app/src/main/res/raw/dog_fs1.mp3,Dog,https://freesound.org/people/Weak_Hero/sounds/612856/ (id 612856: Dogs bark and howl),Weak_Hero,CC0,2026-06-14,"downloaded HQ-mp3 preview; trim+silence-strip, capped 8s, fade-out, loudnorm -16 LUFS, mono 22.05kHz"
app/src/main/res/raw/monkey_fs1.mp3,Monkey,"https://freesound.org/people/TheKingOfGeeks360/sounds/846533/ (id 846533: Primates - Vervet Monkey, Take 2)",TheKingOfGeeks360,CC0,2026-06-14,"downloaded HQ-mp3 preview; trim+silence-strip, capped 8s, fade-out, loudnorm -16 LUFS, mono 22.05kHz"
app/src/main/res/raw/monkey_fs2.mp3,Monkey,"https://freesound.org/people/TheKingOfGeeks360/sounds/843477/ (id 843477: Primates - Geoffroy's Spider Monkey, Take 2)",TheKingOfGeeks360,CC0,2026-06-14,"downloaded HQ-mp3 preview; trim+silence-strip, capped 8s, fade-out, loudnorm -16 LUFS, mono 22.05kHz"
app/src/main/res/raw/monkey_fs3.mp3,Monkey,https://freesound.org/people/Bidone/sounds/67355/ (id 67355: Gibbon Monkey.mp3),Bidone,CC0,2026-06-14,"downloaded HQ-mp3 preview; trim+silence-strip, capped 8s, fade-out, loudnorm -16 LUFS, mono 22.05kHz"
app/src/main/res/raw/monkey_fs4.mp3,Monkey,https://freesound.org/people/CrazyGreenFluff/sounds/674253/ (id 674253: monkey noises.mp3),CrazyGreenFluff,CC0,2026-06-14,"downloaded HQ-mp3 preview; trim+silence-strip, capped 8s, fade-out, loudnorm -16 LUFS, mono 22.05kHz"
app/src/main/res/raw/elephant_fs1.mp3,Elephant,https://freesound.org/people/vintprox/sounds/854137/ (id 854137: Mastodon trumpet),vintprox,CC0,2026-06-14,"downloaded HQ-mp3 preview; trim+silence-strip, capped 8s, fade-out, loudnorm -16 LUFS, mono 22.05kHz"
app/src/main/res/raw/elephant_fs2.mp3,Elephant,https://freesound.org/people/bevibeldesign/sounds/350421/ (id 350421: Rhinoceros Trumpet Joyful),bevibeldesign,CC0,2026-06-14,"downloaded HQ-mp3 preview; trim+silence-strip, capped 8s, fade-out, loudnorm -16 LUFS, mono 22.05kHz"
app/src/main/res/raw/elephant_fs3.mp3,Elephant,https://freesound.org/people/bevibeldesign/sounds/350417/ (id 350417: Rhinoceros Trumpet Expressive 1),bevibeldesign,CC0,2026-06-14,"downloaded HQ-mp3 preview; trim+silence-strip, capped 8s, fade-out, loudnorm -16 LUFS, mono 22.05kHz"
app/src/main/res/raw/elephant_fs4.mp3,Elephant,https://freesound.org/people/bevibeldesign/sounds/350416/ (id 350416: Rhinoceros Trumpet Expressive 2),bevibeldesign,CC0,2026-06-14,"downloaded HQ-mp3 preview; trim+silence-strip, capped 8s, fade-out, loudnorm -16 LUFS, mono 22.05kHz"
app/src/main/res/raw/elephant_fs5.mp3,Elephant,https://freesound.org/people/bevibeldesign/sounds/350419/ (id 350419: Rhinoceros Trumpet Sudden),bevibeldesign,CC0,2026-06-14,"downloaded HQ-mp3 preview; trim+silence-strip, capped 8s, fade-out, loudnorm -16 LUFS, mono 22.05kHz"
app/src/main/res/raw/tiger_fs1.mp3,Tiger,https://freesound.org/people/lauramellis/sounds/263115/ (id 263115: Tiger Roar),lauramellis,CC0,2026-06-14,"downloaded HQ-mp3 preview; trim+silence-strip, capped 8s, fade-out, loudnorm -16 LUFS, mono 22.05kHz"
app/src/main/res/raw/tiger_fs2.mp3,Tiger,https://freesound.org/people/tahirahg1991/sounds/420466/ (id 420466: Roar.m4a),tahirahg1991,CC0,2026-06-14,"downloaded HQ-mp3 preview; trim+silence-strip, capped 8s, fade-out, loudnorm -16 LUFS, mono 22.05kHz"
app/src/main/res/raw/tiger_fs3.mp3,Tiger,https://freesound.org/people/KristopherTiberiusHaven/sounds/559270/ (id 559270: Hiss Roar.mp3),KristopherTiberiusHaven,CC0,2026-06-14,"downloaded HQ-mp3 preview; trim+silence-strip, capped 8s, fade-out, loudnorm -16 LUFS, mono 22.05kHz"
app/src/main/res/raw/tiger_fs4.mp3,Tiger,https://freesound.org/people/szegvari/sounds/546399/ (id 546399: Angry Tiger Fantasy),szegvari,CC0,2026-06-14,"downloaded HQ-mp3 preview; trim+silence-strip, capped 8s, fade-out, loudnorm -16 LUFS, mono 22.05kHz"
app/src/main/res/raw/tiger_fs5.mp3,Tiger,https://freesound.org/people/Arcadium1/sounds/316746/ (id 316746: Large Creature or Machinery Sound.wav),Arcadium1,CC0,2026-06-14,"downloaded HQ-mp3 preview; trim+silence-strip, capped 8s, fade-out, loudnorm -16 LUFS, mono 22.05kHz"
app/src/main/res/raw/wolf_fs1.mp3,Wolf,https://freesound.org/people/superEGsonic/sounds/784596/ (id 784596: werewolf_howl_01),superEGsonic,CC0,2026-06-14,"downloaded HQ-mp3 preview; trim+silence-strip, capped 8s, fade-out, loudnorm -16 LUFS, mono 22.05kHz"
app/src/main/res/raw/wolf_fs2.mp3,Wolf,https://freesound.org/people/JoseAgudelo/sounds/472402/ (id 472402: 22_Lobo_aullando.wav),JoseAgudelo,CC0,2026-06-14,"downloaded HQ-mp3 preview; trim+silence-strip, capped 8s, fade-out, loudnorm -16 LUFS, mono 22.05kHz"
app/src/main/res/raw/wolf_fs3.mp3,Wolf,https://freesound.org/people/efsdcnveoi/sounds/427694/ (id 427694: 13-Aullido Lobo.wav),efsdcnveoi,CC0,2026-06-14,"downloaded HQ-mp3 preview; trim+silence-strip, capped 8s, fade-out, loudnorm -16 LUFS, mono 22.05kHz"
app/src/main/res/raw/wolf_fs4.mp3,Wolf,https://freesound.org/people/genel/sounds/399185/ (id 399185: wolf 3.wav),genel,CC0,2026-06-14,"downloaded HQ-mp3 preview; trim+silence-strip, capped 8s, fade-out, loudnorm -16 LUFS, mono 22.05kHz"
app/src/main/res/raw/wolf_fs5.mp3,Wolf,https://freesound.org/people/kiwisarecool/sounds/203342/ (id 203342: Howl of the night),kiwisarecool,CC0,2026-06-14,"downloaded HQ-mp3 preview; trim+silence-strip, capped 8s, fade-out, loudnorm -16 LUFS, mono 22.05kHz"
app/src/main/res/raw/bear_fs1.mp3,Bear,https://freesound.org/people/lendrick/sounds/77634/ (id 77634: growl3.wav),lendrick,CC0,2026-06-14,"downloaded HQ-mp3 preview; trim+silence-strip, capped 8s, fade-out, loudnorm -16 LUFS, mono 22.05kHz"
app/src/main/res/raw/bear_fs2.mp3,Bear,https://freesound.org/people/waxsocks/sounds/410343/ (id 410343: Roar.wav),waxsocks,CC0,2026-06-14,"downloaded HQ-mp3 preview; trim+silence-strip, capped 8s, fade-out, loudnorm -16 LUFS, mono 22.05kHz"
app/src/main/res/raw/bear_fs3.mp3,Bear,https://freesound.org/people/tbsounddesigns/sounds/416860/ (id 416860: BEARGrowl_02.wav),tbsounddesigns,CC BY 4.0,2026-06-14,"downloaded HQ-mp3 preview; trim+silence-strip, capped 8s, fade-out, loudnorm -16 LUFS, mono 22.05kHz"
app/src/main/res/raw/bear_fs4.mp3,Bear,https://freesound.org/people/tbsounddesigns/sounds/416859/ (id 416859: BEARGrowl_03.wav),tbsounddesigns,CC BY 4.0,2026-06-14,"downloaded HQ-mp3 preview; trim+silence-strip, capped 8s, fade-out, loudnorm -16 LUFS, mono 22.05kHz"
app/src/main/res/raw/bear_fs5.mp3,Bear,https://freesound.org/people/tbsounddesigns/sounds/416861/ (id 416861: BEARGrowl_01.wav),tbsounddesigns,CC BY 4.0,2026-06-14,"downloaded HQ-mp3 preview; trim+silence-strip, capped 8s, fade-out, loudnorm -16 LUFS, mono 22.05kHz"
app/src/main/res/raw/peacock_fs1.mp3,Peacock,https://freesound.org/people/richwise/sounds/810711/ (id 810711: Peacock call),richwise,CC0,2026-06-14,"downloaded HQ-mp3 preview; trim+silence-strip, capped 8s, fade-out, loudnorm -16 LUFS, mono 22.05kHz"
app/src/main/res/raw/peacock_fs2.mp3,Peacock,"https://freesound.org/people/Kinoton/sounds/688203/ (id 688203: Bird, Peacock Call)",Kinoton,CC0,2026-06-14,"downloaded HQ-mp3 preview; trim+silence-strip, capped 8s, fade-out, loudnorm -16 LUFS, mono 22.05kHz"
app/src/main/res/raw/peacock_fs3.mp3,Peacock,https://freesound.org/people/Mastersoundboy2005/sounds/720583/ (id 720583: deep pitch peacock call sound),Mastersoundboy2005,CC0,2026-06-14,"downloaded HQ-mp3 preview; trim+silence-strip, capped 8s, fade-out, loudnorm -16 LUFS, mono 22.05kHz"
app/src/main/res/raw/peacock_fs4.mp3,Peacock,https://freesound.org/people/pete668/sounds/75298/ (id 75298: Plaka Forest.mp3),pete668,CC0,2026-06-14,"downloaded HQ-mp3 preview; trim+silence-strip, capped 8s, fade-out, loudnorm -16 LUFS, mono 22.05kHz"
app/src/main/res/raw/coyote_fs1.mp3,Coyote,https://freesound.org/people/Gerent/sounds/558724/ (id 558724: dogs-howling-yelping-distance-far-05.wav),Gerent,CC0,2026-06-14,"downloaded HQ-mp3 preview; trim+silence-strip, capped 8s, fade-out, loudnorm -16 LUFS, mono 22.05kHz"
app/src/main/res/raw/coyote_fs2.mp3,Coyote,https://freesound.org/people/Gerent/sounds/558723/ (id 558723: dogs-howling-yelping-distance-far-06.wav),Gerent,CC0,2026-06-14,"downloaded HQ-mp3 preview; trim+silence-strip, capped 8s, fade-out, loudnorm -16 LUFS, mono 22.05kHz"
app/src/main/res/raw/coyote_fs3.mp3,Coyote,https://freesound.org/people/Gerent/sounds/558722/ (id 558722: dogs-howling-yelping-distance-far-07.wav),Gerent,CC0,2026-06-14,"downloaded HQ-mp3 preview; trim+silence-strip, capped 8s, fade-out, loudnorm -16 LUFS, mono 22.05kHz"
app/src/main/res/raw/coyote_fs4.mp3,Coyote,https://freesound.org/people/Gerent/sounds/558721/ (id 558721: dogs-howling-yelping-distance-far-01.wav),Gerent,CC0,2026-06-14,"downloaded HQ-mp3 preview; trim+silence-strip, capped 8s, fade-out, loudnorm -16 LUFS, mono 22.05kHz"
app/src/main/res/raw/coyote_fs5.mp3,Coyote,https://freesound.org/people/Gerent/sounds/558720/ (id 558720: dogs-howling-yelping-distance-far-02.wav),Gerent,CC0,2026-06-14,"downloaded HQ-mp3 preview; trim+silence-strip, capped 8s, fade-out, loudnorm -16 LUFS, mono 22.05kHz"
app/src/main/res/raw/hyena_fs1.mp3,Hyena,https://freesound.org/people/sounagix/sounds/680845/ (id 680845: HyenaLaugh2.wav),sounagix,CC0,2026-06-14,"downloaded HQ-mp3 preview; trim+silence-strip, capped 8s, fade-out, loudnorm -16 LUFS, mono 22.05kHz"
app/src/main/res/raw/hyena_fs2.mp3,Hyena,https://freesound.org/people/sounagix/sounds/680844/ (id 680844: HyenaLaugh1.wav),sounagix,CC0,2026-06-14,"downloaded HQ-mp3 preview; trim+silence-strip, capped 8s, fade-out, loudnorm -16 LUFS, mono 22.05kHz"
app/src/main/res/raw/hyena_fs3.mp3,Hyena,https://freesound.org/people/sounagix/sounds/680843/ (id 680843: HyenaLaugh0.wav),sounagix,CC0,2026-06-14,"downloaded HQ-mp3 preview; trim+silence-strip, capped 8s, fade-out, loudnorm -16 LUFS, mono 22.05kHz"
app/src/main/res/raw/hyena_fs4.mp3,Hyena,https://freesound.org/people/sounagix/sounds/680846/ (id 680846: HyenaLaugh3.wav),sounagix,CC0,2026-06-14,"downloaded HQ-mp3 preview; trim+silence-strip, capped 8s, fade-out, loudnorm -16 LUFS, mono 22.05kHz"
app/src/main/res/raw/hyena_fs5.mp3,Hyena,https://freesound.org/people/Mastersoundboy2005/sounds/719024/ (id 719024: Hyena Kookaburra sound),Mastersoundboy2005,CC0,2026-06-14,"downloaded HQ-mp3 preview; trim+silence-strip, capped 8s, fade-out, loudnorm -16 LUFS, mono 22.05kHz"
app/src/main/res/raw/pig_fs1.mp3,Pig,https://freesound.org/people/TheKingOfGeeks360/sounds/842313/ (id 842313: Swine - Pig; Dinosaur-like Grunt),TheKingOfGeeks360,CC0,2026-06-14,"downloaded HQ-mp3 preview; trim+silence-strip, capped 8s, fade-out, loudnorm -16 LUFS, mono 22.05kHz"
app/src/main/res/raw/pig_fs2.mp3,Pig,https://freesound.org/people/awr1001/sounds/473519/ (id 473519: Oink.mp3),awr1001,CC0,2026-06-14,"downloaded HQ-mp3 preview; trim+silence-strip, capped 8s, fade-out, loudnorm -16 LUFS, mono 22.05kHz"
app/src/main/res/raw/pig_fs3.mp3,Pig,https://freesound.org/people/JarredGibb/sounds/233187/ (id 233187: Pig - Moan 1 - 96kHz.wav),JarredGibb,CC0,2026-06-14,"downloaded HQ-mp3 preview; trim+silence-strip, capped 8s, fade-out, loudnorm -16 LUFS, mono 22.05kHz"
app/src/main/res/raw/pig_fs4.mp3,Pig,https://freesound.org/people/JarredGibb/sounds/233181/ (id 233181: Pig - Multiple Snorts 4 - 96kHz.wav),JarredGibb,CC0,2026-06-14,"downloaded HQ-mp3 preview; trim+silence-strip, capped 8s, fade-out, loudnorm -16 LUFS, mono 22.05kHz"
app/src/main/res/raw/pig_fs5.mp3,Pig,https://freesound.org/people/JarredGibb/sounds/233184/ (id 233184: Pig - Multiple Snorts 1 - 96kHz.wav),JarredGibb,CC0,2026-06-14,"downloaded HQ-mp3 preview; trim+silence-strip, capped 8s, fade-out, loudnorm -16 LUFS, mono 22.05kHz"
app/src/main/res/raw/goose_fs1.mp3,Goose,"https://freesound.org/people/TheKingOfGeeks360/sounds/829858/ (id 829858: Waterfowl - Brown Chinese Goose; Female Honk, Close Perspective)",TheKingOfGeeks360,CC0,2026-06-14,"downloaded HQ-mp3 preview; trim+silence-strip, capped 8s, fade-out, loudnorm -16 LUFS, mono 22.05kHz"
app/src/main/res/raw/goose_fs2.mp3,Goose,https://freesound.org/people/el_boss/sounds/740197/ (id 740197: Goose Trumpet (loud honk) - Best Capture),el_boss,CC0,2026-06-14,"downloaded HQ-mp3 preview; trim+silence-strip, capped 8s, fade-out, loudnorm -16 LUFS, mono 22.05kHz"
app/src/main/res/raw/goose_fs3.mp3,Goose,"https://freesound.org/people/TheKingOfGeeks360/sounds/839117/ (id 839117: Waterfowl - Sebastopol Goose, Take 2)",TheKingOfGeeks360,CC0,2026-06-14,"downloaded HQ-mp3 preview; trim+silence-strip, capped 8s, fade-out, loudnorm -16 LUFS, mono 22.05kHz"
app/src/main/res/raw/goose_fs4.mp3,Goose,https://freesound.org/people/el_boss/sounds/740196/ (id 740196: Goose Honks - Multiple),el_boss,CC0,2026-06-14,"downloaded HQ-mp3 preview; trim+silence-strip, capped 8s, fade-out, loudnorm -16 LUFS, mono 22.05kHz"
app/src/main/res/raw/goose_fs5.mp3,Goose,https://freesound.org/people/SpaceJoe/sounds/510939/ (id 510939: Bird Honk - 2.wav),SpaceJoe,CC0,2026-06-14,"downloaded HQ-mp3 preview; trim+silence-strip, capped 8s, fade-out, loudnorm -16 LUFS, mono 22.05kHz"
app/src/main/res/raw/crow_fs1.mp3,Crow,https://freesound.org/people/qubodup/sounds/855096/ (id 855096: Unusual Crow Caw Call 2),qubodup,CC0,2026-06-14,"downloaded HQ-mp3 preview; trim+silence-strip, capped 8s, fade-out, loudnorm -16 LUFS, mono 22.05kHz"
app/src/main/res/raw/crow_fs2.mp3,Crow,https://freesound.org/people/qubodup/sounds/855095/ (id 855095: Unusual Crow Caw Call 1),qubodup,CC0,2026-06-14,"downloaded HQ-mp3 preview; trim+silence-strip, capped 8s, fade-out, loudnorm -16 LUFS, mono 22.05kHz"
app/src/main/res/raw/crow_fs3.mp3,Crow,https://freesound.org/people/Mish7913/sounds/741366/ (id 741366: Hooded Crow: Cawing),Mish7913,CC0,2026-06-14,"downloaded HQ-mp3 preview; trim+silence-strip, capped 8s, fade-out, loudnorm -16 LUFS, mono 22.05kHz"
app/src/main/res/raw/crow_fs4.mp3,Crow,https://freesound.org/people/Jofae/sounds/361470/ (id 361470: Crow Caw),Jofae,CC0,2026-06-14,"downloaded HQ-mp3 preview; trim+silence-strip, capped 8s, fade-out, loudnorm -16 LUFS, mono 22.05kHz"
app/src/main/res/raw/crow_fs5.mp3,Crow,https://freesound.org/people/Mish7913/sounds/741365/ (id 741365: Hooded Crow: Panic Cawing),Mish7913,CC0,2026-06-14,"downloaded HQ-mp3 preview; trim+silence-strip, capped 8s, fade-out, loudnorm -16 LUFS, mono 22.05kHz"
app/src/main/res/raw/cricket_fs1.mp3,Cricket,"https://freesound.org/people/HECKFRICKER/sounds/753271/ (id 753271: Single Cricket Chirping, Close Perspective 01)",HECKFRICKER,CC0,2026-06-14,"downloaded HQ-mp3 preview; trim+silence-strip, capped 8s, fade-out, loudnorm -16 LUFS, mono 22.05kHz"
app/src/main/res/raw/cricket_fs2.mp3,Cricket,https://freesound.org/people/Fission9/sounds/467857/ (id 467857: Artificial Cricket Chirp),Fission9,CC0,2026-06-14,"downloaded HQ-mp3 preview; trim+silence-strip, capped 8s, fade-out, loudnorm -16 LUFS, mono 22.05kHz"
app/src/main/res/raw/cricket_fs3.mp3,Cricket,https://freesound.org/people/yahsay/sounds/842645/ (id 842645: Crickets chirping pt 2),yahsay,CC0,2026-06-14,"downloaded HQ-mp3 preview; trim+silence-strip, capped 8s, fade-out, loudnorm -16 LUFS, mono 22.05kHz"
app/src/main/res/raw/cricket_fs4.mp3,Cricket,https://freesound.org/people/Sojan/sounds/400663/ (id 400663: Cricket Chirp),Sojan,CC0,2026-06-14,"downloaded HQ-mp3 preview; trim+silence-strip, capped 8s, fade-out, loudnorm -16 LUFS, mono 22.05kHz"
app/src/main/res/raw/cricket_fs5.mp3,Cricket,https://freesound.org/people/deleted_user_2104797/sounds/164482/ (id 164482: Cricket 1.wav),deleted_user_2104797,CC0,2026-06-14,"downloaded HQ-mp3 preview; trim+silence-strip, capped 8s, fade-out, loudnorm -16 LUFS, mono 22.05kHz"
app/src/main/res/raw/cicada_fs1.mp3,Cicada,https://freesound.org/people/volition74/sounds/512775/ (id 512775: Pobblebonk (Eastern Banjo Frog) Call with Cicadas.wav),volition74,CC0,2026-06-14,"downloaded HQ-mp3 preview; trim+silence-strip, capped 8s, fade-out, loudnorm -16 LUFS, mono 22.05kHz"
app/src/main/res/raw/cicada_fs2.mp3,Cicada,https://freesound.org/people/volition74/sounds/512774/ (id 512774: Pobblebonk (Eastern Banjo Frog) Call.wav),volition74,CC0,2026-06-14,"downloaded HQ-mp3 preview; trim+silence-strip, capped 8s, fade-out, loudnorm -16 LUFS, mono 22.05kHz"
app/src/main/res/raw/cicada_fs3.mp3,Cicada,https://freesound.org/people/billcutbill/sounds/669361/ (id 669361: D119 Ticking Bug Ambience.WAV),billcutbill,CC BY 4.0,2026-06-14,"downloaded HQ-mp3 preview; trim+silence-strip, capped 8s, fade-out, loudnorm -16 LUFS, mono 22.05kHz"
app/src/main/res/raw/cicada_fs4.mp3,Cicada,https://freesound.org/people/soundbytez/sounds/99433/ (id 99433: titi_monkey.wav),soundbytez,CC BY 3.0,2026-06-14,"downloaded HQ-mp3 preview; trim+silence-strip, capped 8s, fade-out, loudnorm -16 LUFS, mono 22.05kHz"
app/src/main/res/raw/whale_fs1.mp3,Whale,https://freesound.org/people/muri_kuri/sounds/684188/ (id 684188: whale song),muri_kuri,CC0,2026-06-14,"downloaded HQ-mp3 preview; trim+silence-strip, capped 8s, fade-out, loudnorm -16 LUFS, mono 22.05kHz"
app/src/main/res/raw/whale_fs2.mp3,Whale,https://freesound.org/people/davidou/sounds/88449/ (id 88449: Baleines.wav),davidou,CC0,2026-06-14,"downloaded HQ-mp3 preview; trim+silence-strip, capped 8s, fade-out, loudnorm -16 LUFS, mono 22.05kHz"
app/src/main/res/raw/whale_fs3.mp3,Whale,https://freesound.org/people/SieuAmThanh/sounds/484197/ (id 484197: Thằn Lằn Khổng Lộ Nước),SieuAmThanh,CC0,2026-06-14,"downloaded HQ-mp3 preview; trim+silence-strip, capped 8s, fade-out, loudnorm -16 LUFS, mono 22.05kHz"
app/src/main/res/raw/whale_fs4.mp3,Whale,https://freesound.org/people/JarredGibb/sounds/233273/ (id 233273: Dinosaur 1.wav),JarredGibb,CC0,2026-06-14,"downloaded HQ-mp3 preview; trim+silence-strip, capped 8s, fade-out, loudnorm -16 LUFS, mono 22.05kHz"
app/src/main/res/raw/whale_fs5.mp3,Whale,https://freesound.org/people/Mastersoundboy2005/sounds/634623/ (id 634623: Barbery Domestic Dolphin Sound),Mastersoundboy2005,CC0,2026-06-14,"downloaded HQ-mp3 preview; trim+silence-strip, capped 8s, fade-out, loudnorm -16 LUFS, mono 22.05kHz"
app/src/main/res/raw/squirrel_fs1.mp3,Squirrel,"https://freesound.org/people/TheKingOfGeeks360/sounds/753942/ (id 753942: Rodents - Eastern Gray Squirrel, Bark and Chatter, Slightly Reverberant, B/G Insects, Distant)",TheKingOfGeeks360,CC0,2026-06-14,"downloaded HQ-mp3 preview; trim+silence-strip, capped 8s, fade-out, loudnorm -16 LUFS, mono 22.05kHz"
app/src/main/res/raw/squirrel_fs2.mp3,Squirrel,https://freesound.org/people/burgersmoke/sounds/640994/ (id 640994: Two Ground Squirrels Interacting),burgersmoke,CC0,2026-06-14,"downloaded HQ-mp3 preview; trim+silence-strip, capped 8s, fade-out, loudnorm -16 LUFS, mono 22.05kHz"
app/src/main/res/raw/squirrel_fs3.mp3,Squirrel,https://freesound.org/people/Mastersoundboy2005/sounds/763330/ (id 763330: Squirrel chattering sound effect),Mastersoundboy2005,CC0,2026-06-14,"downloaded HQ-mp3 preview; trim+silence-strip, capped 8s, fade-out, loudnorm -16 LUFS, mono 22.05kHz"
app/src/main/res/raw/squirrel_fs4.mp3,Squirrel,https://freesound.org/people/BullSam/sounds/509507/ (id 509507: Red Squirrel.wav),BullSam,CC0,2026-06-14,"downloaded HQ-mp3 preview; trim+silence-strip, capped 8s, fade-out, loudnorm -16 LUFS, mono 22.05kHz"
app/src/main/res/raw/squirrel_fs5.mp3,Squirrel,https://freesound.org/people/dollarstoredingus/sounds/795975/ (id 795975: squirrelly),dollarstoredingus,CC0,2026-06-14,"downloaded HQ-mp3 preview; trim+silence-strip, capped 8s, fade-out, loudnorm -16 LUFS, mono 22.05kHz"
app/src/main/res/raw/chipmunk_fs1.mp3,Chipmunk,https://freesound.org/people/se2001/sounds/463818/ (id 463818: Another Chipmunk Laugh.mp3),se2001,CC0,2026-06-14,"downloaded HQ-mp3 preview; trim+silence-strip, capped 8s, fade-out, loudnorm -16 LUFS, mono 22.05kHz"
app/src/main/res/raw/chipmunk_fs2.mp3,Chipmunk,https://freesound.org/people/se2001/sounds/463817/ (id 463817: Chipmunk Laugh.mp3),se2001,CC0,2026-06-14,"downloaded HQ-mp3 preview; trim+silence-strip, capped 8s, fade-out, loudnorm -16 LUFS, mono 22.05kHz"
app/src/main/res/raw/chipmunk_fs3.mp3,Chipmunk,https://freesound.org/people/Mastersoundboy2005/sounds/757770/ (id 757770: High pitch Wilhelm Scream Sound effect),Mastersoundboy2005,CC0,2026-06-14,"downloaded HQ-mp3 preview; trim+silence-strip, capped 8s, fade-out, loudnorm -16 LUFS, mono 22.05kHz"
app/src/main/res/raw/chipmunk_fs4.mp3,Chipmunk,https://freesound.org/people/se2001/sounds/463821/ (id 463821: Chipmunk Telephone Gibberish 3.mp3),se2001,CC0,2026-06-14,"downloaded HQ-mp3 preview; trim+silence-strip, capped 8s, fade-out, loudnorm -16 LUFS, mono 22.05kHz"
app/src/main/res/raw/chipmunk_fs5.mp3,Chipmunk,https://freesound.org/people/se2001/sounds/463441/ (id 463441: Chipmunk Telephone Gibberish 1.mp3),se2001,CC0,2026-06-14,"downloaded HQ-mp3 preview; trim+silence-strip, capped 8s, fade-out, loudnorm -16 LUFS, mono 22.05kHz"
app/src/main/res/raw/dolphin_fs1.mp3,Dolphin,https://freesound.org/people/Mastersoundboy2005/sounds/634623/ (id 634623: Barbery Domestic Dolphin Sound),Mastersoundboy2005,CC0,2026-06-14,"downloaded HQ-mp3 preview; trim+silence-strip, capped 8s, fade-out, loudnorm -16 LUFS, mono 22.05kHz"
app/src/main/res/raw/dolphin_fs2.mp3,Dolphin,https://freesound.org/people/Mastersoundboy2005/sounds/737276/ (id 737276: Dolphin Sound effect Online),Mastersoundboy2005,CC0,2026-06-14,"downloaded HQ-mp3 preview; trim+silence-strip, capped 8s, fade-out, loudnorm -16 LUFS, mono 22.05kHz"
app/src/main/res/raw/dolphin_fs3.mp3,Dolphin,https://freesound.org/people/jfournier18/sounds/456151/ (id 456151: Dolphin Noise-.wav),jfournier18,CC0,2026-06-14,"downloaded HQ-mp3 preview; trim+silence-strip, capped 8s, fade-out, loudnorm -16 LUFS, mono 22.05kHz"
app/src/main/res/raw/dolphin_fs4.mp3,Dolphin,https://freesound.org/people/leonseptavaux/sounds/711803/ (id 711803: DOLPHIN_SFX_5),leonseptavaux,CC0,2026-06-14,"downloaded HQ-mp3 preview; trim+silence-strip, capped 8s, fade-out, loudnorm -16 LUFS, mono 22.05kHz"
app/src/main/res/raw/dolphin_fs5.mp3,Dolphin,https://freesound.org/people/leonseptavaux/sounds/711685/ (id 711685: DOLPHIN_SFX_2),leonseptavaux,CC0,2026-06-14,"downloaded HQ-mp3 preview; trim+silence-strip, capped 8s, fade-out, loudnorm -16 LUFS, mono 22.05kHz"
app/src/main/res/raw/parrot_fs1.mp3,Parrot,https://freesound.org/people/castle81/sounds/187928/ (id 187928: Parrots.wav),castle81,CC0,2026-06-14,"downloaded HQ-mp3 preview; trim+silence-strip, capped 8s, fade-out, loudnorm -16 LUFS, mono 22.05kHz"
app/src/main/res/raw/parrot_fs2.mp3,Parrot,https://freesound.org/people/TheKingOfGeeks360/sounds/777593/ (id 777593: Parrots - African Gray; Whistle),TheKingOfGeeks360,CC0,2026-06-14,"downloaded HQ-mp3 preview; trim+silence-strip, capped 8s, fade-out, loudnorm -16 LUFS, mono 22.05kHz"
app/src/main/res/raw/parrot_fs3.mp3,Parrot,https://freesound.org/people/TheKingOfGeeks360/sounds/777592/ (id 777592: Parrots - Amazon; High-pitched Whimper),TheKingOfGeeks360,CC0,2026-06-14,"downloaded HQ-mp3 preview; trim+silence-strip, capped 8s, fade-out, loudnorm -16 LUFS, mono 22.05kHz"
app/src/main/res/raw/parrot_fs4.mp3,Parrot,https://freesound.org/people/TheKingOfGeeks360/sounds/839918/ (id 839918: Parrots - White-winged Parakeets),TheKingOfGeeks360,CC0,2026-06-14,"downloaded HQ-mp3 preview; trim+silence-strip, capped 8s, fade-out, loudnorm -16 LUFS, mono 22.05kHz"
app/src/main/res/raw/parrot_fs5.mp3,Parrot,"https://freesound.org/people/TheKingOfGeeks360/sounds/849698/ (id 849698: Parrots - Amazon; ""Is that Good?"")",TheKingOfGeeks360,CC0,2026-06-14,"downloaded HQ-mp3 preview; trim+silence-strip, capped 8s, fade-out, loudnorm -16 LUFS, mono 22.05kHz"
app/src/main/res/raw/fox_fs1.mp3,Fox,https://freesound.org/people/Setzilla/sounds/173208/ (id 173208: foxBark2.wav),Setzilla,CC0,2026-06-14,"downloaded HQ-mp3 preview; trim+silence-strip, capped 8s, fade-out, loudnorm -16 LUFS, mono 22.05kHz"
app/src/main/res/raw/fox_fs2.mp3,Fox,https://freesound.org/people/Mrthenoronha/sounds/420450/ (id 420450: Barking 1.wav),Mrthenoronha,CC0,2026-06-14,"downloaded HQ-mp3 preview; trim+silence-strip, capped 8s, fade-out, loudnorm -16 LUFS, mono 22.05kHz"
app/src/main/res/raw/fox_fs3.mp3,Fox,https://freesound.org/people/Mrthenoronha/sounds/420447/ (id 420447: Barking 4.wav),Mrthenoronha,CC0,2026-06-14,"downloaded HQ-mp3 preview; trim+silence-strip, capped 8s, fade-out, loudnorm -16 LUFS, mono 22.05kHz"
app/src/main/res/raw/fox_fs4.mp3,Fox,https://freesound.org/people/Mrthenoronha/sounds/420452/ (id 420452: Barking 5.wav),Mrthenoronha,CC0,2026-06-14,"downloaded HQ-mp3 preview; trim+silence-strip, capped 8s, fade-out, loudnorm -16 LUFS, mono 22.05kHz"
app/src/main/res/raw/fox_fs5.mp3,Fox,https://freesound.org/people/Mrthenoronha/sounds/420449/ (id 420449: Barking 2.wav),Mrthenoronha,CC0,2026-06-14,"downloaded HQ-mp3 preview; trim+silence-strip, capped 8s, fade-out, loudnorm -16 LUFS, mono 22.05kHz"
app/src/main/res/raw/penguin_fs1.mp3,Penguin,https://freesound.org/people/Breviceps/sounds/705839/ (id 705839: Penguin Squeak),Breviceps,CC0,2026-06-14,"downloaded HQ-mp3 preview; trim+silence-strip, capped 8s, fade-out, loudnorm -16 LUFS, mono 22.05kHz"
app/src/main/res/raw/penguin_fs2.mp3,Penguin,https://freesound.org/people/hackerb9/sounds/110116/ (id 110116: ChargingPenguin.ogg),hackerb9,CC BY 4.0,2026-06-14,"downloaded HQ-mp3 preview; trim+silence-strip, capped 8s, fade-out, loudnorm -16 LUFS, mono 22.05kHz"
app/src/main/res/raw/penguin_fs3.mp3,Penguin,https://freesound.org/people/Vortichez/sounds/545415/ (id 545415: African penguins at Boulders Beach),Vortichez,CC BY 4.0,2026-06-14,"downloaded HQ-mp3 preview; trim+silence-strip, capped 8s, fade-out, loudnorm -16 LUFS, mono 22.05kHz"
app/src/main/res/raw/penguin_fs4.mp3,Penguin,https://freesound.org/people/soundbytez/sounds/111079/ (id 111079: magellanic_penguin.wav),soundbytez,CC BY 3.0,2026-06-14,"downloaded HQ-mp3 preview; trim+silence-strip, capped 8s, fade-out, loudnorm -16 LUFS, mono 22.05kHz"
app/src/main/res/raw/penguin_fs5.mp3,Penguin,https://freesound.org/people/darkiron98/sounds/446344/ (id 446344: 16-BalbuceoPinguinoRapido.wav),darkiron98,CC BY 4.0,2026-06-14,"downloaded HQ-mp3 preview; trim+silence-strip, capped 8s, fade-out, loudnorm -16 LUFS, mono 22.05kHz"
app/src/main/res/raw/snake_fs1.mp3,Snake,https://freesound.org/people/xoiziox/sounds/553374/ (id 553374: Snake Hiss),xoiziox,CC0,2026-06-14,"downloaded HQ-mp3 preview; trim+silence-strip, capped 8s, fade-out, loudnorm -16 LUFS, mono 22.05kHz"
app/src/main/res/raw/snake_fs2.mp3,Snake,https://freesound.org/people/bowlingballout/sounds/678971/ (id 678971: Snake Tongue Hiss.WAV),bowlingballout,CC0,2026-06-14,"downloaded HQ-mp3 preview; trim+silence-strip, capped 8s, fade-out, loudnorm -16 LUFS, mono 22.05kHz"
app/src/main/res/raw/snake_fs3.mp3,Snake,https://freesound.org/people/Zeval34/sounds/578482/ (id 578482: hisss 3.m4a),Zeval34,CC0,2026-06-14,"downloaded HQ-mp3 preview; trim+silence-strip, capped 8s, fade-out, loudnorm -16 LUFS, mono 22.05kHz"
app/src/main/res/raw/snake_fs4.mp3,Snake,https://freesound.org/people/Zeval34/sounds/578484/ (id 578484: Hisss 2.m4a),Zeval34,CC0,2026-06-14,"downloaded HQ-mp3 preview; trim+silence-strip, capped 8s, fade-out, loudnorm -16 LUFS, mono 22.05kHz"
app/src/main/res/raw/snake_fs5.mp3,Snake,https://freesound.org/people/Zeval34/sounds/578483/ (id 578483: Hisss.m4a),Zeval34,CC0,2026-06-14,"downloaded HQ-mp3 preview; trim+silence-strip, capped 8s, fade-out, loudnorm -16 LUFS, mono 22.05kHz"
app/src/main/res/raw/eagle_fs1.mp3,Eagle,https://freesound.org/people/kaydinhamby/sounds/381200/ (id 381200: Eagle Cry.wav),kaydinhamby,CC0,2026-06-14,"downloaded HQ-mp3 preview; trim+silence-strip, capped 8s, fade-out, loudnorm -16 LUFS, mono 22.05kHz"
app/src/main/res/raw/eagle_fs2.mp3,Eagle,https://freesound.org/people/SieuAmThanh/sounds/556575/ (id 556575: Đại Bàng Trên Không),SieuAmThanh,CC0,2026-06-14,"downloaded HQ-mp3 preview; trim+silence-strip, capped 8s, fade-out, loudnorm -16 LUFS, mono 22.05kHz"
app/src/main/res/raw/eagle_fs3.mp3,Eagle,https://freesound.org/people/Vrymaa/sounds/770032/ (id 770032: Bird - Red-shouldered hawk),Vrymaa,CC0,2026-06-14,"downloaded HQ-mp3 preview; trim+silence-strip, capped 8s, fade-out, loudnorm -16 LUFS, mono 22.05kHz"
app/src/main/res/raw/eagle_fs4.mp3,Eagle,https://freesound.org/people/stackpool/sounds/39338/ (id 39338: baldeagle-flap_and_cry.ogg),stackpool,CC0,2026-06-14,"downloaded HQ-mp3 preview; trim+silence-strip, capped 8s, fade-out, loudnorm -16 LUFS, mono 22.05kHz"
app/src/main/res/raw/eagle_fs5.mp3,Eagle,https://freesound.org/people/J.R.Mythical/sounds/563685/ (id 563685: Gryffin Cry.mp3),J.R.Mythical,CC0,2026-06-14,"downloaded HQ-mp3 preview; trim+silence-strip, capped 8s, fade-out, loudnorm -16 LUFS, mono 22.05kHz"
app/src/main/res/raw/seal_fs1.mp3,Seal,https://freesound.org/people/RavenWolfProds/sounds/503658/ (id 503658: Quick sea lion bark),RavenWolfProds,CC0,2026-06-14,"downloaded HQ-mp3 preview; trim+silence-strip, capped 8s, fade-out, loudnorm -16 LUFS, mono 22.05kHz"
app/src/main/res/raw/seal_fs2.mp3,Seal,https://freesound.org/people/nifvimp/sounds/680735/ (id 680735: Sea Lion 3.wav),nifvimp,CC0,2026-06-14,"downloaded HQ-mp3 preview; trim+silence-strip, capped 8s, fade-out, loudnorm -16 LUFS, mono 22.05kHz"
app/src/main/res/raw/seal_fs3.mp3,Seal,https://freesound.org/people/nifvimp/sounds/680733/ (id 680733: Sea Lion 1.wav),nifvimp,CC0,2026-06-14,"downloaded HQ-mp3 preview; trim+silence-strip, capped 8s, fade-out, loudnorm -16 LUFS, mono 22.05kHz"
app/src/main/res/raw/seal_fs4.mp3,Seal,https://freesound.org/people/nifvimp/sounds/680734/ (id 680734: Sea Lion 2.wav),nifvimp,CC0,2026-06-14,"downloaded HQ-mp3 preview; trim+silence-strip, capped 8s, fade-out, loudnorm -16 LUFS, mono 22.05kHz"
app/src/main/res/raw/seal_fs5.mp3,Seal,https://freesound.org/people/florianreichelt/sounds/450751/ (id 450751: Sound of a Seal),florianreichelt,CC0,2026-06-14,"downloaded HQ-mp3 preview; trim+silence-strip, capped 8s, fade-out, loudnorm -16 LUFS, mono 22.05kHz"
app/src/main/res/raw/zebra_fs1.mp3,Zebra,https://freesound.org/people/TheKingOfGeeks360/sounds/850661/ (id 850661: Zebras - Grant's Zebra Braying),TheKingOfGeeks360,CC0,2026-06-14,"downloaded HQ-mp3 preview; trim+silence-strip, capped 8s, fade-out, loudnorm -16 LUFS, mono 22.05kHz"
app/src/main/res/drawable/bear.jpg,Bear,https://commons.wikimedia.org/wiki/File:Brown_Bear_Cubs.jpg,Department of the Interior. U.S. Fish and Wildlife Service. ,Public domain,2026-06-14,"cropped to centered square, resized to 500x500, JPEG q85"
app/src/main/res/drawable/chipmunk.jpg,Chipmunk,https://commons.wikimedia.org/wiki/File:Chipmunk_(90393e71-03c3-43e8-9f47-b7002e45f09d).jpg,NPS,Public domain,2026-06-14,"cropped to centered square, resized to 500x500, JPEG q85"
app/src/main/res/drawable/cicada.jpg,Cicada,"https://commons.wikimedia.org/wiki/File:Cicada,_Cabin_9,_Girraween_Environmental_Lodge,_Wyberba,_Granite_Belt_IMGP3790.jpg",John Robert McPherson,CC0,2026-06-14,"cropped to centered square, resized to 500x500, JPEG q85"
app/src/main/res/drawable/coyote.jpg,Coyote,https://commons.wikimedia.org/wiki/File:Howl_(cropped).jpg,USFWS Mountain-Prairie,Public domain,2026-06-14,"cropped to centered square, resized to 500x500, JPEG q85"
app/src/main/res/drawable/cricket.jpg,Cricket,"https://commons.wikimedia.org/wiki/File:Cricket,_Mount_Rainier_National_Park.jpg",Loren Lane (MORA),Public domain,2026-06-14,"cropped to centered square, resized to 500x500, JPEG q85"
app/src/main/res/drawable/crow.jpg,Crow,"https://commons.wikimedia.org/wiki/File:Corvus_brachyrhynchos,_2021-10-18,_Castle_Shannon.jpg",Cbaile19,CC0,2026-06-14,"cropped to centered square, resized to 500x500, JPEG q85"
app/src/main/res/drawable/dolphin.jpg,Dolphin,https://commons.wikimedia.org/wiki/File:Common_Bottlenose_Dolphin_(Tursiops_truncatus)_Catalina_swimming_in_front_of_boat.jpg,Kiloueka,CC0,2026-06-14,"cropped to centered square, resized to 500x500, JPEG q85"
app/src/main/res/drawable/eagle.jpg,Eagle,https://commons.wikimedia.org/wiki/File:Bald.eagle.closeup.arp-sh.750pix.jpg,Adrian Pingstone (User:Arpingstone),Public domain,2026-06-14,"cropped to centered square, resized to 500x500, JPEG q85"
app/src/main/res/drawable/elephant.jpg,Elephant,"https://commons.wikimedia.org/wiki/File:African_bush_elephant_(Loxodonta_africana),_Masai_Mara.jpg",Hobbyfotowiki,CC0,2026-06-14,"cropped to centered square, resized to 500x500, JPEG q85"
app/src/main/res/drawable/fox.jpg,Fox,https://commons.wikimedia.org/wiki/File:Common_foxes_in_the_snow.jpg,Wilhelm Kuhnert,Public domain,2026-06-14,"cropped to centered square, resized to 500x500, JPEG q85"
app/src/main/res/drawable/goose.jpg,Goose,https://commons.wikimedia.org/wiki/File:Graugans_Anser_Anser.jpg,"H005, denoised by Pro2",Public domain,2026-06-14,"cropped to centered square, resized to 500x500, JPEG q85"
app/src/main/res/drawable/hyena.jpg,Hyena,https://commons.wikimedia.org/wiki/File:Crocuta_crocuta.jpg,Ikiwaner,CC BY-SA 3.0,2026-06-14,"cropped to centered square, resized to 500x500, JPEG q85"
app/src/main/res/drawable/parrot.jpg,Parrot,https://commons.wikimedia.org/wiki/File:Ara_macao_408004141.jpg,Adam Jackson,CC0,2026-06-14,"cropped to centered square, resized to 500x500, JPEG q85"
app/src/main/res/drawable/peacock.jpg,Peacock,https://commons.wikimedia.org/wiki/File:Pavo_Real_Venezolano.jpg,Wilfredor,CC0,2026-06-14,"cropped to centered square, resized to 500x500, JPEG q85"
app/src/main/res/drawable/penguin.jpg,Penguin,https://commons.wikimedia.org/wiki/File:Aptenodytes_patagonicus_003.jpg,"Lieutenant Philip Hall, NOAA Corps",Public domain,2026-06-14,"cropped to centered square, resized to 500x500, JPEG q85"
app/src/main/res/drawable/pig.jpg,Pig,https://commons.wikimedia.org/wiki/File:Sow_with_piglet.jpg,"Scott Bauer, USDA",Public domain,2026-06-14,"cropped to centered square, resized to 500x500, JPEG q85"
app/src/main/res/drawable/seal.jpg,Seal,"https://commons.wikimedia.org/wiki/File:Harbor_seal_in_Holyoke,_MA._Connecticut_River._01.jpg",LufkinF,CC0,2026-06-14,"cropped to centered square, resized to 500x500, JPEG q85"
app/src/main/res/drawable/snake.jpg,Snake,https://commons.wikimedia.org/wiki/File:Snake_reptile_head.jpg,Rosendahl,Public domain,2026-06-14,"cropped to centered square, resized to 500x500, JPEG q85"
app/src/main/res/drawable/squirrel.jpg,Squirrel,https://commons.wikimedia.org/wiki/File:Eastern_gray_squirrel_(Sciurus_carolinensis)2.jpg,Hardyplants,CC0,2026-06-14,"cropped to centered square, resized to 500x500, JPEG q85"
app/src/main/res/drawable/tiger.jpg,Tiger,https://commons.wikimedia.org/wiki/File:A_Bengal_tiger_(Panthera_tigris_tigris)_scratching_tree_with_its_claws_at_Pilibhit_tiger_reserve.jpg,Pixel009,CC0,2026-06-14,"cropped to centered square, resized to 500x500, JPEG q85"
app/src/main/res/drawable/whale.jpg,Whale,https://commons.wikimedia.org/wiki/File:Delphinapterus_leucas_Magic_ring.JPG,SR EXR,Public domain,2026-06-14,"cropped to centered square, resized to 500x500, JPEG q85"
app/src/main/res/drawable/wolf.jpg,Wolf,https://commons.wikimedia.org/wiki/File:Canis_lupus_baileyi_running.jpg,Photographer: Jim Clark,Public domain,2026-06-14,"cropped to centered square, resized to 500x500, JPEG q85"
app/src/main/res/drawable/zebra.jpg,Zebra,https://commons.wikimedia.org/wiki/File:Zebra._(17334109606).jpg,"Bernard Spragg. NZ from Christchurch, New Zealand",CC0,2026-06-14,"cropped to centered square, resized to 500x500, JPEG q85"
